{"access_token":"ya29.a0ARrdaM_FR8IrdskvApPNgNccxKIF-JP6sxqwJ-UxLDYZmrTATO6r23_1KIZEtAbU0IZ2T28j8amrNfldfFvkfSK761MsvKhRXfRv1nkno772IcN6NafGDZFz3br3INzj7vHzWpzlx09-RVAYA_9ORii0Zhsn","expires_in":3599,"refresh_token":"1\/\/09RAJ88FETVhHCgYIARAAGAkSNwF-L9IrP6PVcVd5X9tiaF9Qa6h4Q5ZYKFpoiy5S-BK8YaX5F5zuwoj2WRg0K6wju4wgcpLJg0Q","scope":"https:\/\/www.googleapis.com\/auth\/drive https:\/\/www.googleapis.com\/auth\/drive.file https:\/\/www.googleapis.com\/auth\/spreadsheets.readonly","token_type":"Bearer","created":1637165344}